Time,PopAltamira,PopTucurui,ShutAltamira,ShutTucurui,AdmAltamira,AdmTucurui,StkAltamira,StkTucurui,AltamiraIll,Altamira5thGIn,Altamira5thGI,AltamiraIncPriEd,AltamiraComPriEd,AltamiraIncHS,AltamiraComHS,AltamiraIncHE,AltamiraComHE,TucuruiIll,Tucurui5thGIn,Tucurui5thGI,TucuruiIncPriEd,TucuruiComPriEd,TucuruiIncHS,TucuruiComHS,TucuruiIncHE,TucuruiComHE,AltamiraZero,AltamiraOneThree,AltamiraThreeSix,AltamiraSixTwelve,AltamiraTwelveTwentyFour,AltamiraTwentyFourThirtySix,AltamiraThirtySixSixty,AltamiraSixtyOHTwenty,AltamiraOHTwentyMore,TucuruiZero,TucuruiOneThree,TucuruiThreeSix,TucuruiSixTwelve,TucuruiTwelveTwentyFour,TucuruiTwentyFourThirtySix,TucuruiThirtySixSixty,TucuruiSixtyOHTwenty,TucuruiOHTwentyMore,VarStkAltamira,VarStkTucurui,EmpRateAltamira,EmpRateTucurui,AdmRateAltamira,AdmRateTucurui,ShutRateAltamira,ShutRateTucurui,TurnoverAltamira,TurnoverTucurui
2004-02-01,83418,83839,4,130,15,10,123,2843,0,0,0,6,10,3,0,0,0,19,2,26,37,23,14,20,16,0,15,1,2,1,0,0,0,0,0,19,10,2,5,6,26,23,56,9,NA,NA,0.0014745019060634396,0.03391023270792829,0.12195121951219512,0.0035174111853675696,0.032520325203252036,0.0457263454097784,NA,NA
2004-03-01,83515,83990,35,52,12,36,124,2844,3,4,6,14,13,4,3,0,0,47,2,14,13,23,8,11,16,0,12,1,12,6,3,1,11,0,0,46,36,1,2,7,13,9,13,6,0.008130081300813009,3.5174111853675694e-4,0.0014847632161887087,0.03386117394927968,0.0967741935483871,0.012658227848101266,0.28225806451612906,0.01828410689170183,0.0967741935483871,0.012658227848101266
2004-04-01,83612,84141,21,55,23,63,125,2845,2,3,7,10,12,2,6,1,1,44,1,15,35,27,15,8,17,0,23,3,8,6,4,0,0,0,0,44,63,9,0,5,6,11,12,5,0.008064516129032258,3.5161744022503517e-4,0.0014950007176003444,0.033812291272982256,0.184,0.022144112478031636,0.168,0.019332161687170474,0.168,0.019332161687170474
2004-05-01,83709,84292,29,162,11,59,126,2846,7,4,2,15,7,1,4,0,0,40,0,32,47,46,25,21,32,1,11,6,5,16,1,0,1,0,0,40,59,19,1,13,30,32,36,29,0.008,3.51493848857645e-4,0.0015052144930652617,0.03376358373273858,0.0873015873015873,0.02073085031623331,0.23015873015873015,0.05692199578355587,0.0873015873015873,0.02073085031623331
2004-06-01,83806,84443,17,90,10,69,127,2847,3,0,2,14,3,1,4,0,0,27,1,19,19,55,20,14,30,1,10,7,5,2,0,0,3,0,0,27,69,9,1,4,22,10,34,8,0.007936507936507936,3.5137034434293746e-4,0.0015154046249671862,0.03371505038901981,0.07874015748031496,0.02423603793466807,0.13385826771653545,0.03161222339304531,0.07874015748031496,0.02423603793466807
2004-07-01,83903,84594,16,36,12,324,128,2848,2,0,2,7,13,2,1,0,1,28,7,93,38,109,36,28,47,0,12,4,8,3,1,0,0,0,0,28,324,9,6,4,7,2,4,1,0.007874015748031496,3.5124692658939234e-4,0.0015255711953088686,0.03366669030900537,0.09375,0.11376404494382023,0.125,0.012640449438202247,0.09375,0.012640449438202247
2004-08-01,84000,84744,11,66,14,536,129,2849,0,1,0,4,17,1,2,0,0,25,6,252,72,108,46,28,88,0,14,4,4,3,0,0,0,0,0,25,536,6,11,2,5,8,22,9,0.0078125,3.5112359550561797e-4,0.0015357142857142857,0.03361889927310488,0.10852713178294573,0.18813618813618813,0.08527131782945736,0.023166023166023165,0.08527131782945736,0.023166023166023165
2004-09-01,84097,84895,21,99,20,215,130,2850,2,1,3,18,12,2,3,0,0,41,2,85,30,77,47,17,54,0,20,5,5,10,1,0,0,0,0,41,215,53,8,8,12,8,6,2,0.007751937984496124,3.51000351000351e-4,0.001545833977430824,0.03357088167736616,0.15384615384615385,0.07543859649122807,0.16153846153846155,0.034736842105263156,0.15384615384615385,0.034736842105263156
2004-10-01,84194,85046,6,57,9,350,131,2851,0,0,0,9,4,0,1,1,0,15,2,91,63,103,64,16,65,0,9,2,1,3,0,0,0,0,0,15,350,18,12,5,4,11,6,1,0.007692307692307693,3.508771929824561e-4,0.0015559303513314488,0.03352303459304377,0.06870229007633588,0.12276394247632409,0.04580152671755725,0.01999298491757278,0.04580152671755725,0.01999298491757278
2004-11-01,84291,85197,17,116,10,227,132,2852,3,0,0,17,2,3,2,0,0,27,2,69,68,90,37,27,48,0,10,3,2,10,0,0,0,0,0,25,227,53,27,3,9,12,6,4,0.007633587786259542,3.5075412136092597e-4,0.0015660034879168595,0.03347535711351338,0.07575757575757576,0.07959326788218794,0.12878787878787878,0.04067321178120617,0.07575757575757576,0.04067321178120617
2004-12-01,84388,85348,9,208,19,121,133,2853,0,0,0,8,5,8,7,0,0,28,11,62,61,94,40,16,44,0,19,3,5,1,0,0,0,0,0,28,121,67,85,15,7,11,11,5,0.007575757575757576,3.506311360448808e-4,0.0015760534673176282,0.03342784833856681,0.14285714285714285,0.04241149667017175,0.06766917293233082,0.07290571328426218,0.06766917293233082,0.04241149667017175
2005-01-01,84485,85499,27,163,31,50,162,1410,0,3,1,21,11,14,8,0,0,58,3,43,40,49,19,17,38,0,31,18,6,3,0,0,0,0,0,58,50,83,45,18,4,5,6,1,0.21804511278195488,-0.5057833859095688,0.0019175001479552582,0.01649142095229184,0.19135802469135801,0.03546099290780142,0.16666666666666666,0.11560283687943262,0.16666666666666666,0.03546099290780142
2005-02-01,84582,85674,5,177,2,94,163,1411,0,0,0,3,3,0,1,0,0,7,4,44,34,79,48,19,38,2,2,3,2,0,0,0,0,0,0,7,94,45,44,64,2,5,12,3,0.006172839506172839,7.092198581560284e-4,0.0019271239743680689,0.01646940728809207,0.012269938650306749,0.0666194188518781,0.03067484662576687,0.1254429482636428,0.012269938650306749,0.0666194188518781
2005-03-01,84679,85849,7,126,7,74,164,1412,0,0,1,3,9,0,1,0,0,14,0,33,28,51,28,15,43,0,7,1,0,5,1,0,0,0,0,14,74,6,25,71,14,4,4,1,0.006134969325153374,7.087172218284905e-4,0.0019367257525478572,0.01644748337196706,0.042682926829268296,0.05240793201133145,0.042682926829268296,0.08923512747875353,0.042682926829268296,0.05240793201133145
2005-04-01,84776,86024,7,232,12,26,165,1413,1,0,0,3,12,2,1,0,0,19,4,70,34,42,35,20,52,0,12,0,1,2,2,1,0,0,0,18,26,24,37,115,17,16,15,5,0.006097560975609756,7.08215297450425e-4,0.0019463055581768426,0.016425648656188972,0.07272727272727272,0.01840056617126681,0.04242424242424243,0.16418966737438076,0.04242424242424243,0.01840056617126681
2005-05-01,84873,86200,17,432,4,16,166,1414,0,3,1,10,6,0,1,0,0,21,3,124,48,95,65,28,84,0,4,2,8,5,1,0,1,0,0,21,16,31,42,279,12,18,26,23,0.006060606060606061,7.077140835102619e-4,0.00195586346659126,0.016403712296983758,0.024096385542168676,0.011315417256011316,0.10240963855421686,0.3055162659123055,0.024096385542168676,0.011315417256011316
2005-06-01,84970,86375,15,426,8,68,167,1415,0,0,0,11,5,2,5,0,0,23,4,161,54,91,58,36,81,0,8,3,6,5,1,0,0,0,0,23,68,5,23,240,18,20,65,44,0.006024096385542169,7.072135785007072e-4,0.0019653995527833352,0.01638205499276411,0.04790419161676647,0.0480565371024735,0.08982035928143713,0.3010600706713781,0.04790419161676647,0.0480565371024735
2005-07-01,85067,86550,8,80,1,31,168,1416,0,1,0,3,3,0,2,0,0,9,2,21,14,26,13,11,19,1,1,1,0,5,1,0,1,0,0,9,31,2,2,39,4,2,14,15,0.005988023952095809,7.067137809187279e-4,0.001974913891403247,0.016360485268630848,0.005952380952380952,0.021892655367231638,0.047619047619047616,0.05649717514124294,0.005952380952380952,0.021892655367231638
2005-08-01,85164,86725,10,58,32,67,169,1417,1,0,1,3,3,21,11,0,2,42,1,24,16,31,25,9,19,0,32,1,2,5,2,0,0,0,0,42,67,1,4,13,14,1,5,16,0.005952380952380952,7.062146892655367e-4,0.0019844065567610728,0.01633900259440761,0.1893491124260355,0.04728299223712068,0.05917159763313609,0.040931545518701484,0.05917159763313609,0.040931545518701484
2005-09-01,85261,86901,14,102,22,145,170,1418,0,0,0,10,4,18,4,0,0,36,0,27,12,85,39,28,55,1,22,9,1,3,0,0,0,0,0,35,145,11,10,10,23,13,30,5,0.005917159763313609,7.057163020465773e-4,0.001993877622828726,0.01631741867182196,0.12941176470588237,0.10225669957686882,0.08235294117647059,0.07193229901269393,0.08235294117647059,0.07193229901269393
2005-10-01,85358,87076,18,44,30,181,171,1419,6,1,1,16,5,16,3,0,0,48,1,23,26,51,51,19,49,1,30,4,0,12,2,0,0,0,0,48,181,3,2,5,11,4,8,10,0.0058823529411764705,7.052186177715092e-4,0.0020033271632418754,0.01629610914603335,0.17543859649122806,0.12755461592670894,0.10526315789473684,0.031007751937984496,0.10526315789473684,0.031007751937984496
2005-11-01,85455,87251,44,76,22,20,172,1420,3,2,1,9,18,22,11,0,0,66,0,17,14,20,17,6,21,0,22,10,26,4,2,0,0,0,0,64,20,32,3,5,12,2,7,12,0.005847953216374269,7.047216349541931e-4,0.002012755251301855,0.01627488510160342,0.12790697674418605,0.014084507042253521,0.2558139534883721,0.05352112676056338,0.12790697674418605,0.014084507042253521
2005-12-01,85552,87426,23,250,0,19,173,1421,4,0,4,2,3,10,0,0,0,23,4,33,25,59,37,34,76,1,0,8,10,4,1,0,0,0,0,23,19,65,12,15,55,8,53,39,0.005813953488372093,7.042253521126761e-4,0.0020221619599775577,0.016253746025209893,0,0.013370865587614356,0.1329479768786127,0.17593244194229415,0,0.013370865587614356
2006-01-01,85649,87602,11,178,3,40,203,1157,0,1,1,3,6,2,1,0,0,14,2,40,22,69,19,24,41,0,3,3,4,1,2,1,0,0,0,14,40,13,20,24,51,10,27,29,0.17341040462427745,-0.18578465869106264,0.0023701385888918727,0.013207461016871761,0.014778325123152709,0.03457216940363008,0.054187192118226604,0.15384615384615385,0.014778325123152709,0.03457216940363008
2006-02-01,86239,88136,43,90,153,187,204,1158,3,47,27,66,23,12,17,0,1,196,2,15,9,102,56,36,54,2,153,10,16,4,2,4,1,0,0,190,187,1,22,12,22,9,10,14,0.0049261083743842365,8.64304235090752e-4,0.0023655190806943496,0.01313878551329763,0.75,0.1614853195164076,0.2107843137254902,0.07772020725388601,0.2107843137254902,0.07772020725388601
2006-03-01,86829,88670,21,105,13,119,205,1159,0,0,0,4,11,15,4,0,0,34,0,22,9,81,47,20,42,0,13,1,4,12,1,1,0,0,0,32,119,4,3,16,29,11,26,14,0.004901960784313725,8.635578583765112e-4,0.0023609623512881642,0.013070937182812676,0.06341463414634146,0.10267471958584987,0.1024390243902439,0.090595340811044,0.06341463414634146,0.090595340811044
2006-04-01,87420,89205,12,138,11,22,206,1160,0,6,2,10,1,3,1,0,0,23,1,18,12,50,35,15,27,1,11,0,0,8,3,0,1,0,0,23,22,22,15,43,15,7,26,10,0.004878048780487805,8.628127696289905e-4,0.0023564401738732556,0.013003755394876968,0.05339805825242718,0.01896551724137931,0.05825242718446602,0.11896551724137931,0.05339805825242718,0.01896551724137931
2006-05-01,88010,89739,3,100,7,32,207,1161,0,2,1,4,3,0,0,0,0,10,0,9,5,44,29,18,26,0,7,0,0,3,0,0,0,0,0,10,32,19,22,14,9,7,26,3,0.0048543689320388345,8.620689655172414e-4,0.0023520054539256903,0.012937518804533147,0.033816425120772944,0.02756244616709733,0.014492753623188406,0.08613264427217916,0.014492753623188406,0.02756244616709733
2006-06-01,88600,90274,4,229,3,181,208,1162,0,1,1,2,2,1,0,0,0,7,1,44,14,147,56,44,99,1,3,0,1,1,1,1,0,0,0,7,181,2,14,65,48,20,61,16,0.004830917874396135,8.613264427217916e-4,0.002347629796839729,0.012871923255865477,0.014423076923076924,0.15576592082616178,0.019230769230769232,0.19707401032702238,0.014423076923076924,0.15576592082616178
2006-07-01,89191,90808,8,194,31,309,209,1163,1,4,6,14,3,5,5,0,1,39,4,21,76,197,74,39,86,2,31,0,5,3,0,0,0,0,0,39,309,26,68,80,3,2,1,7,0.004807692307692308,8.605851979345956e-4,0.0023432857575315896,0.012807241652717823,0.14832535885167464,0.2656921754084265,0.03827751196172249,0.16680997420464316,0.03827751196172249,0.16680997420464316
2006-08-01,89781,91342,3,84,5,475,210,1164,0,0,0,5,1,2,0,0,0,8,2,32,136,186,60,29,105,1,5,0,0,0,2,0,1,0,0,8,475,44,1,2,2,8,11,5,0.004784688995215311,8.598452278589854e-4,0.002339024960737795,0.012743316327647742,0.023809523809523808,0.40807560137457044,0.014285714285714285,0.07216494845360824,0.014285714285714285,0.07216494845360824
2006-09-01,90371,91877,10,576,20,123,211,1165,0,5,2,9,5,4,4,1,0,30,4,25,44,296,119,66,128,1,20,6,2,1,1,0,0,0,0,30,123,182,103,180,43,8,29,8,0.004761904761904762,8.59106529209622e-4,0.0023348197983866508,0.012679996081717949,0.0947867298578199,0.1055793991416309,0.04739336492890995,0.4944206008583691,0.04739336492890995,0.1055793991416309
2006-10-01,90962,92411,45,95,33,101,212,1166,3,11,6,27,15,7,9,0,0,78,1,14,38,39,31,16,47,3,33,8,8,6,8,2,6,7,0,78,101,22,13,3,12,7,22,16,0.004739336492890996,8.583690987124463e-4,0.0023306435654449112,0.012617545530294013,0.15566037735849056,0.08662092624356775,0.21226415094339623,0.08147512864493997,0.15566037735849056,0.08147512864493997
2006-11-01,91552,92946,15,108,10,186,213,1167,0,3,2,6,5,0,8,1,0,25,3,48,50,59,40,19,69,2,10,1,10,1,0,0,0,0,0,22,186,17,63,3,6,1,8,9,0.0047169811320754715,8.576329331046312e-4,0.0023265466620062914,0.012555677490155574,0.046948356807511735,0.15938303341902313,0.07042253521126761,0.09254498714652956,0.046948356807511735,0.09254498714652956
2006-12-01,92142,93480,156,179,3,72,214,1168,6,22,18,56,25,14,18,0,0,159,2,28,10,106,42,15,43,1,3,22,34,76,23,1,0,0,0,159,72,18,118,35,2,3,3,0,0.004694835680751174,8.56898029134533e-4,0.0023225022248268977,0.012494651262302097,0.014018691588785047,0.06164383561643835,0.7289719626168224,0.15325342465753425,0.014018691588785047,0.06164383561643835
2007-01-01,92733,94015,22,40,18,201,642,4423,0,2,1,9,16,4,5,1,2,40,0,64,34,42,38,16,40,1,18,1,2,5,0,2,0,0,0,28,201,11,21,7,0,0,0,1,2,2.7868150684931505,0.006923101808417716,0.0470456841993299,0.028037383177570093,0.045444268595975584,0.03426791277258567,0.009043635541487679,0.028037383177570093,0.009043635541487679
2007-02-01,93075,93635,22,136,6,63,643,4424,1,5,0,10,4,2,6,0,0,28,1,24,44,28,40,7,50,1,6,11,2,9,0,0,0,0,0,28,63,34,61,36,1,1,1,2,0.001557632398753894,2.2609088853719196e-4,0.006908407198495837,0.047247290009077805,0.00933125972006221,0.014240506329113924,0.03421461897356143,0.03074141048824593,0.00933125972006221,0.014240506329113924
2007-03-01,93417,93256,34,109,19,72,644,4425,2,1,1,14,21,3,9,2,0,53,1,23,50,36,17,8,44,0,19,24,3,3,2,0,2,0,0,53,72,24,22,42,0,2,6,8,0.0015552099533437014,2.260397830018083e-4,0.006893820182622007,0.04745003002487776,0.029503105590062112,0.016271186440677966,0.052795031055900624,0.02463276836158192,0.029503105590062112,0.016271186440677966
2007-04-01,93760,92877,18,83,7,80,645,4426,0,2,0,6,11,1,4,1,0,25,1,29,36,24,15,4,48,0,7,2,10,2,3,1,0,0,0,25,80,5,25,26,5,3,10,9,0.0015527950310559005,2.2598870056497175e-4,0.0068792662116040956,0.04765442466918613,0.010852713178294573,0.01807501129688206,0.027906976744186046,0.01875282422051514,0.010852713178294573,0.01807501129688206
2007-05-01,94102,92498,23,51,26,312,646,4427,0,1,3,7,20,11,6,0,1,49,2,51,53,87,42,27,99,0,26,3,12,2,3,1,2,0,0,49,312,8,12,28,0,0,0,1,0.0015503875968992248,2.2593764121102577e-4,0.006864891288176659,0.04786049428095743,0.04024767801857585,0.07047662073639033,0.03560371517027864,0.011520216851140727,0.03560371517027864,0.011520216851140727
2007-06-01,94445,92118,12,69,73,609,647,4428,1,2,4,35,23,4,15,0,1,85,0,95,112,146,98,33,181,1,73,0,5,2,5,0,0,0,0,85,609,9,21,26,4,0,1,2,0.0015479876160990713,2.2588660492432798e-4,0.006850547937953306,0.04806878134566534,0.11282843894899536,0.1375338753387534,0.01854714064914992,0.015582655826558265,0.01854714064914992,0.015582655826558265
2007-07-01,94787,91739,18,70,159,332,648,4429,0,6,9,56,61,9,33,0,3,177,0,43,93,78,47,25,110,1,159,5,2,4,1,0,0,0,0,171,332,26,6,33,2,2,0,0,0.0015455950540958269,2.2583559168925022e-4,0.006836380516315529,0.04827826769421947,0.24537037037037038,0.07496048769473922,0.027777777777777776,0.015804922104312485,0.027777777777777776,0.015804922104312485
2007-08-01,95129,91360,28,85,46,555,649,4430,1,4,7,20,24,4,13,0,1,74,1,106,92,133,98,46,152,0,46,9,6,9,2,0,1,0,0,73,555,55,8,10,8,0,0,0,0.0015432098765432098,2.2578460149017836e-4,0.006822314961788729,0.04848949211908932,0.07087827426810478,0.1252821670428894,0.04314329738058552,0.019187358916478554,0.04314329738058552,0.019187358916478554
2007-09-01,95472,90981,41,94,121,618,650,4431,3,12,5,77,32,16,15,0,2,162,1,109,77,160,125,49,177,4,121,24,5,7,1,1,0,0,0,159,618,21,39,17,10,2,3,1,0.0015408320493066256,2.257336343115124e-4,0.006808278867102397,0.0487024763412141,0.18615384615384614,0.13947190250507785,0.06307692307692307,0.021214172872940647,0.06307692307692307,0.021214172872940647
2007-10-01,95814,90601,36,116,95,722,651,4432,3,7,10,48,29,11,22,1,0,131,1,100,152,190,119,29,230,0,95,14,8,9,3,2,0,0,0,131,722,33,56,10,8,0,4,2,0.0015384615384615385,2.2568269013766644e-4,0.0067944141774688455,0.04891778236443307,0.14592933947772657,0.16290613718411553,0.055299539170506916,0.026173285198555957,0.055299539170506916,0.026173285198555957
2007-11-01,96157,90222,36,155,66,660,652,4433,1,3,2,50,20,4,20,1,1,102,1,125,121,181,140,40,202,0,66,12,20,0,2,1,0,0,0,101,660,52,52,24,15,3,1,0,0.0015360983102918587,2.256317689530686e-4,0.0067805775970548165,0.04913435747378688,0.10122699386503067,0.1488833746898263,0.05521472392638037,0.03496503496503497,0.05521472392638037,0.03496503496503497
2007-12-01,96499,89843,144,267,30,280,653,4434,0,5,7,85,36,15,26,0,0,174,1,42,89,109,70,46,183,0,30,42,66,20,1,3,2,0,0,164,280,73,89,80,18,1,0,4,0.0015337423312883436,2.2558087074216106e-4,0.006766909501652867,0.0493527598143428,0.045941807044410414,0.06314839873703203,0.22052067381316998,0.060216508795669824,0.045941807044410414,0.060216508795669824
2008-01-01,96842,89464,149,331,14,423,411,5012,4,14,8,74,37,8,17,1,0,163,2,51,139,130,128,68,225,0,14,23,67,47,10,1,0,1,0,163,423,60,137,103,29,0,1,1,-0.37059724349157736,0.13035633739287325,0.004244026352202557,0.05602253420370205,0.0340632603406326,0.0843974461292897,0.36253041362530414,0.0660415003990423,0.0340632603406326,0.0660415003990423
2008-02-01,97001,90009,103,347,28,471,411,5012,0,14,6,46,22,6,37,0,0,131,1,66,159,146,152,40,242,0,28,7,41,36,15,1,2,1,0,131,471,32,116,164,30,0,2,2,0,0,0.004237069720930712,0.055683320556833206,0.0681265206812652,0.09397446129289705,0.25060827250608275,0.06923383878691142,0.0681265206812652,0.06923383878691142
2008-03-01,97160,90555,31,242,37,295,411,5012,1,0,1,24,22,7,12,1,0,68,0,32,112,98,110,30,141,2,37,8,4,11,6,2,0,0,0,68,295,50,90,83,13,2,1,2,0,0,0.004230135858377933,0.05534757881950196,0.09002433090024331,0.058858739026336794,0.07542579075425791,0.04828411811652035,0.07542579075425791,0.04828411811652035
2008-04-01,97319,91100,44,242,10,835,411,5012,1,0,1,25,14,3,9,0,1,54,9,135,161,237,204,59,259,2,10,12,7,19,4,0,1,1,0,54,835,45,63,111,16,0,0,2,0,0,0.004223224652945468,0.055016465422612515,0.024330900243309004,0.1666001596169194,0.1070559610705596,0.04828411811652035,0.024330900243309004,0.04828411811652035
2008-05-01,97478,91646,64,238,11,841,411,5012,1,8,2,26,15,16,7,0,0,75,3,118,168,170,207,88,312,1,11,3,4,53,2,2,0,0,0,75,841,36,83,91,19,0,1,5,0,0,0.004216335993762695,0.05468869345088711,0.0267639902676399,0.1677972865123703,0.15571776155717762,0.04748603351955307,0.0267639902676399,0.04748603351955307
2008-06-01,97637,92191,8,297,18,783,411,5012,0,4,5,8,5,1,3,0,0,26,2,122,193,196,207,64,287,2,18,1,1,3,2,0,0,1,0,26,783,70,82,98,36,2,3,5,0,0,0.004209469770681196,0.05436539358505711,0.043795620437956206,0.15622505985634477,0.019464720194647202,0.05925778132482043,0.019464720194647202,0.05925778132482043
2008-07-01,97796,92737,8,459,19,608,411,5012,0,2,2,15,4,0,3,0,1,27,4,122,184,222,205,64,254,1,19,2,1,2,1,2,0,0,0,27,608,91,137,169,49,4,0,1,0,0,0.004202625874268886,0.05404531093306879,0.046228710462287104,0.12130885873902633,0.019464720194647202,0.0915802075019952,0.019464720194647202,0.0915802075019952
2008-08-01,97955,93282,10,442,16,553,411,5012,0,0,2,14,5,1,4,0,0,26,2,133,153,236,187,53,223,2,16,2,3,1,2,1,0,0,0,25,553,82,153,131,59,7,2,4,0,0,0.004195804195804196,0.053729551253189255,0.038929440389294405,0.11033519553072625,0.024330900243309004,0.08818834796488428,0.024330900243309004,0.08818834796488428
2008-09-01,98114,93828,29,454,16,392,411,5012,1,3,1,7,5,3,22,1,2,45,4,118,164,169,158,46,181,1,16,4,5,3,8,5,4,0,0,45,392,56,186,119,76,7,2,0,0,0,0.004189004627270318,0.053416890480453595,0.038929440389294405,0.0782122905027933,0.0705596107055961,0.09058260175578611,0.038929440389294405,0.0782122905027933
2008-10-01,98273,94373,25,474,65,434,411,5012,1,4,4,38,20,12,8,2,1,90,3,84,170,192,178,49,226,0,65,3,8,2,7,1,4,0,0,90,434,49,157,168,89,6,1,2,0,0,0.004182227061349506,0.05310841024445551,0.15815085158150852,0.08659217877094973,0.06082725060827251,0.0945730247406225,0.06082725060827251,0.08659217877094973
2008-11-01,98432,94919,16,852,19,182,411,5012,0,3,6,15,4,2,5,0,0,35,2,115,199,198,189,55,271,0,19,10,1,1,3,1,0,0,0,35,182,68,223,267,246,35,4,1,0,0,0.004175471391417425,0.052802916170629696,0.046228710462287104,0.036312849162011177,0.038929440389294405,0.16999201915403034,0.038929440389294405,0.036312849162011177
2008-12-01,98591,95464,17,862,36,60,411,5012,0,9,12,15,3,7,6,1,0,53,1,100,163,172,174,57,248,1,36,9,3,3,1,1,0,0,0,53,60,56,195,350,218,33,6,3,0,0,0.0041687375115375645,0.05250146652141121,0.08759124087591241,0.011971268954509178,0.0413625304136253,0.17198723064644852,0.0413625304136253,0.011971268954509178
2009-01-01,98750,96010,13,535,20,140,893,1212,1,1,2,12,3,3,10,0,1,33,0,92,127,120,122,44,168,0,20,8,3,0,0,0,0,0,0,31,140,13,131,218,144,28,1,0,1.1727493917274938,-0.7581803671189146,0.009043037974683544,0.012623685032809083,0.022396416573348264,0.11551155115511551,0.014557670772676373,0.4414191419141914,0.014557670772676373,0.11551155115511551
2009-02-01,98777,96103,27,1063,13,272,893,1212,1,11,8,10,3,3,4,0,0,40,0,201,235,273,203,76,339,2,13,15,5,4,2,1,0,0,0,40,272,32,207,342,373,73,6,7,0,0,0.009040566123692763,0.012611468944777998,0.014557670772676373,0.22442244224422442,0.030235162374020158,0.8770627062706271,0.014557670772676373,0.22442244224422442
2009-03-01,98804,96196,27,754,4,38,893,1212,0,6,3,14,0,2,6,0,0,31,0,78,170,138,139,49,216,2,4,6,9,2,4,4,1,0,0,30,38,49,96,325,225,55,2,2,0,0,0.00903809562365896,0.0125992764771924,0.004479283314669653,0.03135313531353135,0.030235162374020158,0.6221122112211221,0.004479283314669653,0.03135313531353135
2009-04-01,98831,96289,11,586,3,219,893,1212,1,0,2,5,2,2,2,0,0,14,0,121,160,150,116,48,206,1,3,1,4,5,1,0,0,0,0,14,219,32,35,249,227,39,1,2,0,0,0.009035626473474922,0.012587107561611398,0.0033594624860022394,0.1806930693069307,0.012318029115341545,0.4834983498349835,0.0033594624860022394,0.1806930693069307
2009-05-01,98858,96382,19,139,4,368,893,1212,1,0,3,8,5,4,2,0,0,23,0,79,39,106,92,33,153,4,4,1,7,7,1,0,2,0,0,22,368,8,15,46,48,18,1,1,0,0,0.009033158672034636,0.012574962129858272,0.004479283314669653,0.30363036303630364,0.02127659574468085,0.11468646864686469,0.004479283314669653,0.11468646864686469
2009-06-01,98885,96475,45,120,9,264,893,1212,0,6,5,10,5,5,23,0,0,54,1,69,17,109,55,30,99,0,9,2,1,17,17,6,1,0,0,53,264,17,16,27,40,19,0,0,0,0,0.009030692218233301,0.012562840114019177,0.010078387458006719,0.21782178217821782,0.05039193729003359,0.09900990099009901,0.010078387458006719,0.09900990099009901
2009-07-01,98912,96569,48,89,19,191,893,1212,0,2,7,11,9,2,34,2,0,67,0,55,8,66,52,22,74,0,19,1,1,15,16,15,0,0,0,67,191,10,18,24,26,6,0,0,0,0,0.009028227110967324,0.012550611479874494,0.02127659574468085,0.15759075907590758,0.05375139977603583,0.07343234323432343,0.02127659574468085,0.07343234323432343
2009-08-01,98939,96662,7,206,35,174,893,1212,0,3,3,17,12,1,6,0,0,42,0,90,21,95,58,25,81,5,35,2,1,3,1,0,0,0,0,42,174,24,54,49,66,9,1,2,0,0,0.009025763349134314,0.012538536343133807,0.03919372900335946,0.14356435643564355,0.007838745800671893,0.16996699669966997,0.007838745800671893,0.14356435643564355
2009-09-01,98966,96755,10,163,20,113,893,1212,0,4,0,8,2,5,9,1,1,30,0,53,7,75,37,15,89,0,20,4,0,1,3,0,2,0,0,30,113,17,49,18,61,14,2,0,0,0,0.009023300931633086,0.01252648441940985,0.022396416573348264,0.09323432343234324,0.011198208286674132,0.13448844884488448,0.011198208286674132,0.09323432343234324
2009-10-01,98993,96848,15,176,20,160,893,1212,0,4,4,10,6,0,11,0,0,35,1,75,17,86,58,23,73,0,20,9,1,1,3,0,0,1,0,35,160,11,59,41,45,16,1,1,0,0,0.009020839857363652,0.012514455641830497,0.022396416573348264,0.132013201320132,0.0167973124300112,0.14521452145214522,0.0167973124300112,0.132013201320132
2009-11-01,99020,96941,20,162,20,47,893,1212,1,3,4,11,14,1,6,0,0,40,0,35,16,57,25,15,56,1,20,4,10,0,6,0,0,0,0,40,47,8,34,58,40,18,2,0,0,0,0.009018380125227227,0.012502449943780237,0.022396416573348264,0.038778877887788776,0.022396416573348264,0.13366336633663367,0.022396416573348264,0.038778877887788776
2009-12-01,99047,97034,29,205,14,111,893,1212,0,9,2,15,10,2,4,0,1,43,0,92,8,98,45,15,53,4,14,15,3,4,5,1,0,0,0,42,111,9,28,92,63,12,0,1,0,0,0.009015921734126223,0.012490467258898942,0.015677491601343786,0.09158415841584158,0.032474804031354984,0.16914191419141913,0.015677491601343786,0.09158415841584158
2010-01-01,99075,97128,15,270,6,209,5852,852,0,4,5,6,2,0,4,0,0,21,0,73,20,114,129,35,107,0,6,5,5,3,0,1,1,0,0,21,209,8,38,162,37,22,0,0,5.553191489361702,-0.297029702970297,0.05906636386575827,0.008771929824561403,0.0010252904989747095,0.24530516431924881,0.002563226247436774,0.31690140845070425,0.0010252904989747095,0.24530516431924881
2010-02-01,99213,97277,12,107,3,94,5852,852,0,0,1,9,3,0,2,0,0,15,1,50,5,56,32,8,45,3,3,2,2,7,0,0,0,0,0,14,94,10,20,37,29,8,2,0,0,0,0.05898420569884995,0.00875849378578698,5.126452494873548e-4,0.11032863849765258,0.002050580997949419,0.1255868544600939,5.126452494873548e-4,0.11032863849765258
2010-03-01,99351,97426,11,215,19,261,5852,852,0,8,4,8,3,1,5,0,1,30,0,116,10,123,58,37,130,0,19,0,2,8,0,1,0,0,0,30,261,44,39,63,38,25,1,1,0,0,0.058902275769745646,0.008745098844251021,0.003246753246753247,0.30633802816901406,0.0018796992481203006,0.25234741784037557,0.0018796992481203006,0.25234741784037557
2010-04-01,99490,97575,13,138,31,225,5852,852,0,22,1,7,5,4,4,1,0,44,0,102,7,115,36,23,79,0,31,2,3,6,0,1,0,0,0,43,225,12,22,47,34,17,2,2,0,0,0.05881998190772942,0.0087317448116833209,0.005297334244702666,0.2640845070422535,0.0022214627477785374,0.1619718309859155,0.0022214627477785374,0.1619718309859155
2010-05-01,99628,97725,13,196,14,249,5852,852,0,12,7,3,2,1,1,1,0,27,0,92,13,128,77,28,107,0,14,1,1,2,7,2,0,0,0,27,249,38,44,44,42,21,3,2,0,0,0.058738507246958685,0.008718342287029932,0.0023923444976076554,0.29225352112676056,0.0022214627477785374,0.2300469483568075,0.0022214627477785374,0.2300469483568075
2010-06-01,99767,97874,9,203,17,358,5852,852,1,12,1,7,3,1,1,0,0,26,0,169,6,154,70,34,128,0,17,4,4,1,0,0,0,0,0,26,358,45,49,41,44,18,3,1,0,0,0.058656670041195985,0.008705069783599322,0.00290498974709501,0.42018779342723006,0.0015379357484620643,0.23826291079812206,0.0015379357484620643,0.23826291079812206
2010-07-01,99905,98023,17,105,24,169,5852,852,0,21,1,9,1,2,7,0,0,41,0,82,4,84,27,14,61,0,24,8,4,1,2,0,0,0,0,39,169,18,25,21,25,16,0,0,0,0,0.0585756468645213,0.008691837629943992,0.004101161995898838,0.1983568075117371,0.00290498974709501,0.12323943661971831,0.00290498974709501,0.12323943661971831
2010-08-01,100043,98172,18,277,32,169,5852,852,2,15,3,10,5,6,9,0,0,50,0,101,14,116,56,28,129,1,32,9,5,0,2,0,2,0,0,50,169,69,76,54,36,31,8,0,0,0,0.05849484721569725,0.008678645642342012,0.005468215994531784,0.1983568075117371,0.0030758714969241286,0.32511737089201875,0.0030758714969241286,0.1983568075117371
2010-09-01,100182,98322,38,726,34,55,5852,852,0,20,3,10,4,12,22,1,0,72,0,221,22,237,96,42,158,3,34,21,2,7,5,1,0,0,0,70,55,64,193,161,153,107,44,2,0,0,0.05841368708949712,0.008665405504363215,0.00580997949419002,0.06455399061032864,0.006493506493506494,0.852112676056338,0.00580997949419002,0.06455399061032864
2010-10-01,100320,98471,10,288,16,34,5852,852,0,6,3,1,8,0,7,1,0,26,0,74,11,77,65,16,76,0,16,4,2,2,1,0,0,0,0,25,34,19,66,84,63,38,14,1,0,0,0.058333333333333334,0.008652293568664886,0.002734107997265892,0.03990610328638498,0.0017088174982911825,0.3380281690140845,0.0017088174982911825,0.03990610328638498
2010-11-01,100459,98620,23,515,34,9,5852,852,3,12,12,3,12,4,10,1,0,57,0,135,17,137,79,30,125,0,34,5,4,3,4,6,0,0,0,56,9,26,140,155,85,65,41,2,0,0,0.05825262047203337,0.008639221253295477,0.00580997949419002,0.01056338028169014,0.00393028024606972,0.6044600938967136,0.00393028024606972,0.01056338028169014
2010-12-01,100597,98769,66,394,16,10,5852,852,0,21,1,13,9,9,27,2,0,82,0,69,17,94,61,26,131,2,16,41,12,10,1,1,1,0,0,82,10,12,59,117,115,54,33,4,0,0,0.05817270892770162,0.008626188378944811,0.002734107997265892,0.011737089201877934,0.011278195488721804,0.4624413145539906,0.002734107997265892,0.011737089201877934
2011-01-01,100736,98919,23,180,60,18,14956,377,2,24,6,15,21,2,10,1,2,83,0,43,5,42,28,18,60,1,60,9,8,4,1,1,0,0,0,83,18,1,16,55,25,34,39,3,1.5557074504442925,-0.5575117370892019,0.14846728081321475,0.0038111990618586926,0.004011767852366943,0.04774535809018567,0.0015378443434073282,0.47745358090185674,0.0015378443434073282,0.04774535809018567
2011-02-01,100918,99063,22,73,40,5,14956,377,0,10,6,19,4,6,16,0,1,62,0,13,6,10,14,5,28,1,40,3,1,13,4,0,1,0,0,62,5,0,4,13,19,15,17,1,0,0,0.14819952832993122,0.0038056590250648576,0.002674511901577962,0.013262599469496022,0.001470981545867879,0.19363395225464192,0.001470981545867879,0.013262599469496022
2011-03-01,100918,99063,29,61,81,63,14956,377,3,25,8,18,26,5,22,0,3,110,2,12,2,10,31,8,52,0,81,11,4,7,3,0,0,0,0,106,63,2,1,14,11,12,16,1,0,0,0.14819952832993122,0.0038056590250648576,0.005415886600695373,0.16710875331564987,0.0019390211286440225,0.16180371352785147,0.0019390211286440225,0.16180371352785147
2011-04-01,100918,99063,51,205,89,41,14956,377,1,30,9,16,24,18,38,3,1,140,4,40,12,47,45,13,81,1,89,22,9,9,10,1,0,0,0,140,41,18,1,33,27,29,61,9,0,0,0.14819952832993122,0.0038056590250648576,0.005950788981010965,0.10875331564986737,0.0034100026745119017,0.5437665782493368,0.0034100026745119017,0.10875331564986737
2011-05-01,100918,99063,67,123,108,43,14956,377,1,68,17,21,19,11,30,1,7,175,1,16,6,19,27,6,90,0,108,23,34,8,1,0,0,1,0,175,43,21,5,21,23,8,31,3,0,0,0.14819952832993122,0.0038056590250648576,0.007221182134260497,0.11405835543766578,0.004479807435143086,0.32625994694960214,0.004479807435143086,0.11405835543766578
2011-06-01,100918,99063,51,65,397,80,14956,377,1,94,26,35,47,25,139,5,76,448,2,7,6,29,24,27,49,0,397,18,10,12,7,0,0,0,0,444,80,10,7,7,16,10,8,1,0,0,0.14819952832993122,0.0038056590250648576,0.026544530623161273,0.21220159151193635,0.0034100026745119017,0.1724137931034483,0.0034100026745119017,0.1724137931034483
2011-07-01,100918,99063,64,24,509,43,14956,377,5,105,84,98,88,39,130,4,20,573,0,2,2,4,12,5,39,0,509,27,16,11,0,0,0,1,0,564,43,8,3,1,4,2,5,0,0,0,0.14819952832993122,0.0038056590250648576,0.03403316394757957,0.11405835543766578,0.004279219042524739,0.0636604774535809,0.004279219042524739,0.0636604774535809
2011-08-01,100918,99063,107,42,1011,103,14956,377,13,196,115,160,164,102,279,7,82,1118,1,2,2,16,35,13,70,1,1011,58,29,7,2,0,0,0,0,1107,103,15,10,5,4,2,3,2,0,0,0.14819952832993122,0.0038056590250648576,0.06759828831238299,0.27320954907161804,0.007154319336721049,0.11140583554376658,0.007154319336721049,0.11140583554376658
2011-09-01,100918,99063,154,64,1271,78,14956,377,10,242,128,284,218,137,360,4,42,1425,2,1,2,25,21,12,74,0,1271,90,34,10,5,2,0,1,0,1413,78,18,22,17,2,0,2,0,0,0,0.14819952832993122,0.0038056590250648576,0.08498261567263975,0.20689655172413793,0.010296870821075154,0.16976127320954906,0.010296870821075154,0.16976127320954906
2011-10-01,100918,99063,184,23,1478,51,14956,377,9,253,161,321,306,156,408,5,43,1662,0,2,2,20,17,4,27,0,1478,111,37,8,3,1,0,0,0,1638,51,3,7,5,3,1,3,1,0,0,0.14819952832993122,0.0038056590250648576,0.0988232147633057,0.13527851458885942,0.012302754747258626,0.0610079575596817,0.012302754747258626,0.0610079575596817
2011-11-01,100918,99063,451,43,1261,33,14956,377,10,236,163,423,268,159,404,10,39,1712,1,5,1,11,13,6,37,0,1261,340,72,13,5,1,0,0,0,1692,33,8,5,19,6,3,0,0,0,0,0.14819952832993122,0.0038056590250648576,0.08431398769724525,0.08753315649867374,0.030155121690291522,0.11405835543766578,0.030155121690291522,0.08753315649867374
2011-12-01,100918,99063,436,29,506,50,14956,377,12,181,76,185,151,81,237,1,18,942,1,5,6,10,18,5,34,0,506,180,209,30,5,1,0,0,0,931,50,11,8,7,0,1,1,0,0,0,0.14819952832993122,0.0038056590250648576,0.03383257555496122,0.13262599469496023,0.029152179727199787,0.07692307692307693,0.029152179727199787,0.07692307692307693
2012-01-01,100918,99063,238,35,460,18,27041,249,10,101,68,151,122,52,157,5,32,698,1,3,2,6,10,2,29,0,460,72,127,32,2,0,0,0,0,693,18,9,8,8,5,2,3,0,0.8080369082642418,-0.3395225464190981,0.26795021700786775,0.0025135519820720146,0.017011205206908027,0.07228915662650602,0.008801449650530676,0.14056224899598393,0.008801449650530676,0.07228915662650602
2012-02-01,100918,99063,327,30,1630,53,27041,249,13,229,136,416,317,246,530,13,57,1957,0,2,0,16,20,4,41,0,1630,45,167,91,5,4,1,0,0,1943,53,3,10,12,4,0,0,1,0,0,0.26795021700786775,0.0025135519820720146,0.06027883584186975,0.21285140562248997,0.012092748049258533,0.12048192771084337,0.012092748049258533,0.12048192771084337
2012-03-01,100918,99063,453,45,1930,28,27041,249,28,322,238,460,411,205,656,10,53,2383,0,1,5,11,16,2,38,0,1930,114,154,150,6,0,0,0,0,2354,28,9,16,17,2,0,0,0,0,0,0.26795021700786775,0.0025135519820720146,0.07137310010724456,0.11244979919678715,0.01675233904071595,0.18072289156626506,0.01675233904071595,0.11244979919678715
2012-04-01,100918,99063,391,56,1023,14,27041,249,15,165,129,300,222,102,441,3,37,1414,1,3,1,11,13,4,36,0,1023,99,107,163,8,3,3,0,0,1406,14,12,23,13,7,0,1,0,0,0,0.26795021700786775,0.0025135519820720146,0.03783144114492807,0.05622489959839357,0.014459524425871824,0.2248995983935743,0.014459524425871824,0.05622489959839357
2012-05-01,100918,99063,536,43,738,7,27041,249,19,222,141,260,235,98,278,3,18,1274,0,0,0,10,7,2,31,0,738,154,154,199,21,1,1,1,0,1269,7,17,11,13,1,1,0,0,0,0,0.26795021700786775,0.0025135519820720146,0.02729189009282201,0.028112449799196786,0.019821752154136313,0.17269076305220885,0.019821752154136313,0.028112449799196786
2012-06-01,100918,99063,689,19,1749,45,27041,249,17,265,176,475,527,191,744,8,35,2438,0,4,2,10,11,1,36,0,1749,102,240,303,32,0,0,0,0,2426,45,1,6,6,4,2,0,0,0,0,0.26795021700786775,0.0025135519820720146,0.0646795606671351,0.18072289156626506,0.02547982692947746,0.07630522088353414,0.02547982692947746,0.07630522088353414
2012-07-01,100918,99063,539,17,1094,47,27041,249,11,194,152,394,316,128,406,3,29,1633,0,0,0,2,1,1,60,0,1094,93,212,184,29,1,3,0,0,1616,47,1,3,5,2,1,0,0,0,0,0.26795021700786775,0.0025135519820720146,0.040457083687733444,0.18875502008032127,0.01993269479679006,0.06827309236947791,0.01993269479679006,0.06827309236947791
2012-08-01,100918,99063,624,48,1527,85,27041,249,17,234,169,482,382,210,610,7,40,2151,2,1,6,17,32,8,63,1,1527,115,202,257,36,4,1,1,0,2143,85,16,14,11,5,1,0,0,0,0,0.26795021700786775,0.0025135519820720146,0.05646980511075774,0.3413654618473896,0.023076069671979588,0.1927710843373494,0.023076069671979588,0.1927710843373494
2012-09-01,100918,99063,407,16,1849,11,27041,249,7,218,193,561,382,217,633,10,35,2256,0,0,0,2,0,0,25,0,1849,143,114,96,31,3,1,0,0,2237,11,3,4,2,6,1,0,0,0,0,0.26795021700786775,0.0025135519820720146,0.06837764875559336,0.04417670682730924,0.015051218520025148,0.0642570281124498,0.015051218520025148,0.04417670682730924
2012-10-01,100918,99063,717,67,1983,35,27041,249,18,261,170,601,492,254,861,10,33,2700,1,3,3,19,18,6,47,2,1983,162,173,265,94,1,1,0,0,2679,35,19,22,8,15,2,1,0,0,0,0.26795021700786775,0.0025135519820720146,0.07333308679412744,0.14056224899598393,0.026515291594245774,0.26907630522088355,0.026515291594245774,0.14056224899598393
2012-11-01,100918,99063,1023,113,1599,8,27041,249,20,263,196,699,398,240,764,9,33,2622,0,0,0,0,0,1,118,0,1599,396,230,284,98,1,0,0,0,2608,8,13,48,19,30,0,3,0,0,0,0.26795021700786775,0.0025135519820720146,0.05913242853444769,0.0321285140562249,0.03783144114492807,0.4538152610441767,0.03783144114492807,0.0321285140562249
2012-12-01,100918,99063,1032,42,580,82,27041,249,8,154,102,374,235,266,443,6,24,1612,1,3,2,17,56,10,32,2,580,226,264,435,105,0,0,0,0,1610,82,2,12,18,5,1,1,0,0,0,0.26795021700786775,0.0025135519820720146,0.02144891091305795,0.3293172690763052,0.03816426907288931,0.1686746987951807,0.02144891091305795,0.1686746987951807
2013-01-01,100918,99063,630,73,1851,49,27041,249,34,229,123,626,360,367,689,12,41,2481,1,2,3,12,57,4,38,2,1851,81,237,216,82,2,0,2,0,2471,49,30,19,16,5,2,1,0,0,0,0.26795021700786775,0.0025135519820720146,0.06845161051736252,0.19678714859437751,0.023297954957287082,0.2931726907630522,0.023297954957287082,0.19678714859437751
2013-02-01,100918,99063,1194,39,2752,23,27041,249,51,432,255,1034,630,329,1129,17,69,3946,0,0,0,9,32,3,18,0,2752,137,410,435,176,3,1,0,0,3914,23,20,1,9,7,1,0,0,0,0,0.26795021700786775,0.0025135519820720146,0.10177138419437151,0.09236947791164658,0.04415517177619171,0.1566265060240964,0.04415517177619171,0.09236947791164658
2013-03-01,100918,99063,1435,86,2676,7,27041,249,34,462,225,1163,643,408,1097,18,61,4111,0,3,1,9,51,4,23,1,2676,434,275,476,189,1,3,0,0,4054,7,15,16,43,10,1,0,0,0,0,0.26795021700786775,0.0025135519820720146,0.09896083724714323,0.028112449799196786,0.053067564069376134,0.3453815261044177,0.053067564069376134,0.028112449799196786
2013-04-01,100918,99063,1779,41,2055,9,27041,249,35,390,261,1094,617,398,989,15,35,3834,0,2,2,6,19,3,16,1,2055,749,363,406,203,3,0,0,0,3779,9,7,9,17,3,2,1,1,0,0,0.26795021700786775,0.0025135519820720146,0.07599571021781738,0.03614457831325301,0.06578898709367258,0.1646586345381526,0.06578898709367258,0.03614457831325301
2013-05-01,100918,99063,1308,33,2874,20,27041,249,35,500,264,1079,659,425,1156,14,50,4182,0,3,0,8,15,1,25,0,2874,223,291,495,257,5,4,0,0,4149,20,6,7,12,6,1,0,0,0,0,0.26795021700786775,0.0025135519820720146,0.1062830516622906,0.08032128514056225,0.048370992197034134,0.13253012048192772,0.048370992197034134,0.08032128514056225
2013-06-01,100918,99063,1583,17,3633,7,27041,249,64,597,415,1282,787,523,1462,17,69,5216,1,1,0,5,2,0,15,0,3633,330,389,410,394,4,2,0,0,5162,7,1,2,3,5,5,1,0,0,0,0.26795021700786775,0.0025135519820720146,0.13435154025368884,0.028112449799196786,0.05854073444029437,0.06827309236947791,0.05854073444029437,0.028112449799196786
2013-07-01,100918,99063,1808,8,3273,5,27041,249,45,565,270,1289,813,503,1520,23,53,5081,0,1,0,2,1,0,8,0,3273,647,423,402,293,10,0,0,0,5048,5,0,1,0,5,0,1,1,0,0,0.26795021700786775,0.0025135519820720146,0.12103842313523908,0.020080321285140562,0.06686143263932547,0.0321285140562249,0.06686143263932547,0.020080321285140562
2013-08-01,100918,99063,1551,10,3335,7,27041,249,45,541,277,1230,838,514,1374,20,47,4886,0,1,0,2,3,2,8,1,3335,459,443,369,229,13,1,0,0,4849,7,2,2,2,3,0,0,0,0,0,0.26795021700786775,0.0025135519820720146,0.1233312377500832,0.028112449799196786,0.05735734625198772,0.040160642570281124,0.05735734625198772,0.028112449799196786
2013-09-01,100918,99063,1008,14,3792,16,27041,249,62,613,232,1241,709,580,1296,22,45,4800,0,1,0,0,10,3,16,0,3792,319,355,228,45,8,3,1,0,4751,16,4,2,1,3,1,1,0,0,0,0.26795021700786775,0.0025135519820720146,0.14023150031433748,0.0642570281124498,0.037276727931659336,0.05622489959839357,0.037276727931659336,0.05622489959839357
2013-10-01,100918,99063,1950,12,3084,7,27041,249,207,580,258,1386,761,500,1273,19,50,5034,0,0,0,5,4,0,10,0,3084,428,650,483,277,68,1,0,0,4991,7,3,3,5,1,0,0,0,0,0,0.26795021700786775,0.0025135519820720146,0.11404903664805295,0.028112449799196786,0.0721127177249362,0.04819277108433735,0.0721127177249362,0.028112449799196786
2013-11-01,100918,99063,2484,10,1723,25,27041,249,450,435,232,1129,612,426,866,15,42,4207,0,2,0,1,11,0,21,0,1723,595,914,602,301,53,0,2,0,4190,25,1,1,1,5,0,2,0,0,0,0.26795021700786775,0.0025135519820720146,0.06371805776413594,0.10040160642570281,0.09186050811730335,0.040160642570281124,0.06371805776413594,0.040160642570281124
2013-12-01,100918,99063,335,25,18,7,27041,249,0,33,14,29,67,23,183,3,1,353,0,0,1,3,13,0,15,0,18,34,124,121,49,3,2,1,0,352,7,0,8,6,7,3,0,0,0,0,0.26795021700786775,0.0025135519820720146,6.656558559224881e-4,0.028112449799196786,0.012388595096335196,0.10040160642570281,6.656558559224881e-4,0.028112449799196786
2014-01-01,106768,105431,1947,24,1100,23,30196,269,259,313,124,732,434,476,669,9,31,3047,1,1,0,0,5,0,39,0,1100,266,685,642,275,73,1,3,0,3045,23,7,9,4,0,2,0,1,0.11667467919085833,0.08032128514056225,0.28281882211898696,0.0025514317420872418,0.036428666048483244,0.08550185873605948,0.06447873890581533,0.08921933085501858,0.036428666048483244,0.08550185873605948
2014-02-01,106875,105431,2731,45,1846,32,30196,269,173,413,240,1510,654,458,1061,22,46,4577,1,2,0,7,8,3,56,0,1846,95,689,1080,620,214,3,1,1,4549,32,1,23,13,6,1,1,0,0,0,0.28253567251461986,0.0025514317420872418,0.06113392502318188,0.11895910780669144,0.0904424427076434,0.16728624535315986,0.06113392502318188,0.11895910780669144
2014-03-01,106982,105431,2089,36,3602,18,30196,269,290,512,247,2015,759,616,1199,13,40,5691,1,0,0,3,7,0,42,0,3602,335,334,873,375,110,1,3,0,5633,18,16,10,6,1,2,1,0,0,0,0.28225308930474285,0.0025514317420872418,0.11928732282421513,0.06691449814126393,0.06918134852298317,0.13382899628252787,0.06918134852298317,0.06691449814126393
2014-04-01,107089,105431,1983,29,4444,16,30196,269,179,584,193,2311,802,745,1543,18,52,6427,0,1,0,3,0,0,39,0,4444,444,185,831,322,100,2,1,0,6329,16,2,6,11,8,0,0,2,0,0,0.28197107079158457,0.0025514317420872418,0.1471718108358723,0.05947955390334572,0.06567094979467479,0.10780669144981413,0.06567094979467479,0.05947955390334572
2014-05-01,107196,105431,2243,62,4012,18,30196,269,289,435,201,2136,857,653,1618,9,57,6255,0,0,0,2,7,4,67,0,4012,772,323,655,378,88,0,1,0,6229,18,0,7,43,11,0,1,0,0,0,0.2816896152841524,0.0025514317420872418,0.13286528016955887,0.06691449814126393,0.07428136176977083,0.23048327137546468,0.07428136176977083,0.06691449814126393
2014-06-01,107303,105431,2084,30,4239,17,30196,269,255,410,178,1964,894,638,1905,14,65,6323,1,0,0,5,2,4,34,1,4239,488,321,633,462,129,8,0,0,6280,17,2,3,13,7,1,2,1,0,0,0.28140872109819853,0.0025514317420872418,0.1403828321632004,0.06319702602230483,0.06901576367730826,0.11152416356877323,0.06901576367730826,0.06319702602230483
2014-07-01,107410,105431,1918,13,3853,17,30196,269,281,395,138,1876,841,662,1496,16,66,5771,0,0,0,1,1,6,22,0,3853,481,512,481,315,86,7,0,1,5736,17,7,0,4,1,0,1,0,0,0,0.28112838655618655,0.0025514317420872418,0.1275996820770963,0.06319702602230483,0.06351834680090078,0.048327137546468404,0.06351834680090078,0.048327137546468404
2014-08-01,107517,105431,3117,18,2717,33,30196,269,186,405,144,2020,846,627,1537,16,53,5834,0,0,2,5,1,3,40,0,2717,752,943,704,547,106,13,0,0,5782,33,9,2,4,1,2,0,0,0,0,0.2808486099872578,0.0025514317420872418,0.0899788051397536,0.12267657992565056,0.10322559279374752,0.06691449814126393,0.0899788051397536,0.06691449814126393
2014-09-01,107624,105431,1178,10,2324,29,30196,269,70,183,69,1149,519,488,969,5,50,3502,0,1,0,1,1,5,31,0,2324,280,489,220,147,8,6,1,0,3475,29,2,0,6,2,0,0,0,0,0,0.2805693897271984,0.0025514317420872418,0.0769638362697046,0.10780669144981413,0.039011789641012054,0.03717472118959108,0.039011789641012054,0.03717472118959108
2014-10-01,107732,105431,2872,28,1437,30,30196,269,80,262,147,1526,555,611,1091,4,33,4309,0,0,0,5,7,5,41,0,1437,321,841,885,662,126,20,1,0,4293,30,15,4,4,3,1,1,0,0,0,0.2802881223777522,0.0025514317420872418,0.04758908464697311,0.11152416356877323,0.09511193535567625,0.10408921933085502,0.04758908464697311,0.10408921933085502
2014-11-01,107839,105431,2600,18,1662,27,30196,269,88,327,158,1515,615,445,1083,12,19,4262,0,0,1,5,3,7,29,0,1662,481,781,817,401,82,22,1,0,4247,27,2,7,7,2,0,0,0,0,0,0.28001001492966365,0.0025514317420872418,0.055040402702344685,0.10037174721189591,0.0861041197509604,0.06691449814126393,0.055040402702344685,0.06691449814126393
2014-12-01,107946,105431,3531,44,395,12,30196,269,147,269,144,1241,508,587,1007,1,22,3926,0,1,1,5,3,4,41,0,395,176,683,1762,703,159,41,2,0,3921,12,15,9,16,2,2,0,0,0,0,0.2797324588220036,0.0025514317420872418,0.013081202808318983,0.04460966542750929,0.11693601801563121,0.16356877323420074,0.013081202808318983,0.04460966542750929
2015-01-01,108053,105431,1845,25,2126,5,14279,188,86,263,137,1270,503,634,1026,18,34,3971,0,0,0,3,8,3,16,0,2126,149,416,803,305,114,58,0,0,3971,5,7,13,1,1,1,1,1,-0.5271227977215526,-0.30111524163568776,0.13214811250034705,0.0017831567565516784,0.1488899782897962,0.026595744680851064,0.12921072904265005,0.13297872340425532,0.12921072904265005,0.026595744680851064
2015-02-01,108160,105577,2679,10,2710,3,14279,188,74,360,203,1751,810,624,1529,4,34,5389,0,0,0,0,1,0,12,0,2710,103,386,1206,599,287,81,1,1,5374,3,0,2,1,2,3,2,0,0,0,0.13201738165680474,0.0017806908701705863,0.1897892009244345,0.015957446808510637,0.18761818054485607,0.05319148936170213,0.18761818054485607,0.015957446808510637
2015-03-01,108267,105724,1750,20,873,9,14279,188,111,222,111,771,331,301,741,4,31,2623,0,2,1,1,1,4,20,0,873,417,159,650,359,107,50,1,0,2616,9,0,1,13,5,0,0,1,0,0,0.13188690921518098,0.0017782149748401498,0.06113873520554661,0.047872340425531915,0.1225576020729743,0.10638297872340426,0.06113873520554661,0.047872340425531915
2015-04-01,108374,105870,2789,18,510,1,14279,188,70,245,122,997,484,358,962,3,58,3299,0,0,1,1,3,0,14,0,510,258,299,1046,812,261,109,2,0,3297,1,0,1,15,0,0,1,1,0,0,0.13175669441009835,0.0017757627278738074,0.035716786889838224,0.005319148936170213,0.1953218012465859,0.09574468085106383,0.035716786889838224,0.005319148936170213
2015-05-01,108481,106017,1793,6,793,11,14279,188,100,180,87,672,381,275,854,2,35,2586,0,0,0,0,1,3,13,0,793,78,195,601,608,217,89,2,1,2584,11,0,0,4,1,0,0,0,0,0,0.13162673647919912,0.0017733005084090286,0.055536101967924925,0.05851063829787234,0.12556901743819596,0.031914893617021274,0.055536101967924925,0.031914893617021274
2015-06-01,108588,106163,1736,5,1135,6,14279,188,22,134,88,736,501,353,996,3,38,2871,0,0,0,0,1,0,10,0,1135,46,356,467,539,232,87,3,1,2866,6,0,0,1,1,2,0,1,0,0,0.13149703466313037,0.0017708617880052373,0.07948735905875762,0.031914893617021274,0.1215771412563905,0.026595744680851064,0.07948735905875762,0.026595744680851064
2015-07-01,108696,106310,1148,3,1970,9,14279,188,45,171,83,952,477,368,984,1,37,3118,0,0,0,1,0,0,11,0,1970,65,194,308,389,136,48,0,0,3110,9,2,1,0,0,0,0,0,0,0,0.13136637962758518,0.001768413131408146,0.13796484347643392,0.047872340425531915,0.08039778695987114,0.015957446808510637,0.08039778695987114,0.015957446808510637
2015-08-01,108803,106456,3090,21,1608,9,14279,188,19,427,140,1322,700,529,1516,6,39,4698,0,1,1,1,1,1,24,0,1608,234,207,906,1077,449,203,2,0,4686,9,3,10,1,4,1,1,1,0,0,0.13123719015100688,0.0017659878259562636,0.11261292807619581,0.047872340425531915,0.21640170880313747,0.11170212765957446,0.11261292807619581,0.047872340425531915
2015-09-01,108910,106603,735,19,583,2,14279,188,8,53,40,272,341,120,458,5,21,1318,0,0,1,0,1,0,18,0,583,143,106,238,132,77,28,0,0,1307,2,2,0,0,5,3,4,5,0,0,0.13110825452208244,0.0017635526204703433,0.04082918971916801,0.010638297872340425,0.05147419287064921,0.10106382978723404,0.04082918971916801,0.010638297872340425
2015-10-01,109017,106749,6517,3,797,6,14279,188,23,443,255,1832,997,943,2686,2,133,7314,0,0,0,0,0,0,9,0,797,248,754,1262,2320,1253,675,3,1,7313,6,1,0,0,1,0,1,0,0,0,0.13097957199335883,0.0017611406195842585,0.055816233629806006,0.031914893617021274,0.4564045101197563,0.015957446808510637,0.055816233629806006,0.015957446808510637
2015-11-01,109124,106896,4963,4,652,9,14279,188,22,252,201,1353,823,755,2149,4,56,5615,0,0,0,0,0,0,13,0,652,165,577,923,1774,915,602,1,1,5610,9,0,0,2,0,0,0,1,0,0,0.13085114182031451,0.0017587187546774434,0.04566146088661671,0.047872340425531915,0.3475733594789551,0.02127659574468085,0.04566146088661671,0.02127659574468085
2015-12-01,109231,107042,3601,10,185,5,14279,188,12,226,110,763,568,541,1521,8,37,3786,0,0,0,0,2,3,10,0,185,186,687,797,1121,476,301,7,3,3763,5,0,2,3,2,2,1,0,0,0,0.13072296326134522,0.001756319949178827,0.01295608936200014,0.026595744680851064,0.252188528608446,0.05319148936170213,0.01295608936200014,0.026595744680851064
2016-01-01,109338,107189,888,17,257,12,6075,203,2,40,42,233,164,135,489,4,36,1145,0,0,0,2,2,2,23,0,257,75,139,203,261,97,108,0,1,1141,12,1,3,1,4,4,4,0,-0.5745500385181035,0.0797872340425532,0.05556165285628052,0.0018938510481485973,0.04230452674897119,0.059113300492610835,0.14617283950617285,0.08374384236453201,0.04230452674897119,0.059113300492610835
2016-02-01,109445,107330,1391,1,427,17,6075,203,4,100,67,465,304,203,631,3,41,1818,0,0,0,2,3,0,13,0,427,102,292,384,382,121,98,8,2,1816,17,0,0,0,0,0,0,1,0,0,0.055507332450089084,0.0018913630858101184,0.0702880658436214,0.08374384236453201,0.22897119341563785,0.0049261083743842365,0.0702880658436214,0.0049261083743842365
2016-03-01,109553,107471,1133,8,1002,1,6075,203,5,74,43,542,328,358,762,3,20,2135,0,1,0,1,0,0,7,0,1002,60,128,279,484,105,74,0,0,2132,1,0,1,3,0,1,2,0,0,0,0.05545261197776419,0.0018888816517944377,0.16493827160493826,0.0049261083743842365,0.18650205761316874,0.03940886699507389,0.16493827160493826,0.0049261083743842365
2016-04-01,109660,107613,716,15,587,14,6075,203,6,62,41,385,229,169,389,2,20,1303,0,0,0,0,0,0,28,0,587,71,52,194,231,108,55,1,2,1301,14,3,3,7,2,0,0,0,0,0,0.055398504468356737,0.0018863891908970107,0.09662551440329219,0.06896551724137931,0.11786008230452674,0.07389162561576355,0.09662551440329219,0.06896551724137931
2016-05-01,109767,107754,1036,6,381,8,6075,203,6,76,49,338,226,199,514,1,8,1417,0,0,1,1,2,0,10,0,381,159,123,279,244,137,85,2,0,1410,8,0,0,1,0,3,2,0,0,0,0.055344502446090356,0.0018839207825231546,0.06271604938271605,0.03940886699507389,0.1705349794238683,0.029556650246305417,0.06271604938271605,0.029556650246305417
2016-06-01,109874,107895,1001,11,446,12,6075,203,8,61,31,388,170,136,636,2,15,1447,0,0,0,8,3,1,10,0,446,78,127,189,282,197,121,3,1,1444,12,0,3,3,3,2,0,0,0,0,0.055290605602781366,0.0018814588257101811,0.0734156378600823,0.059113300492610835,0.16477366255144033,0.054187192118226604,0.0734156378600823,0.054187192118226604
2016-07-01,109981,108037,850,6,496,22,6075,203,5,59,49,339,143,122,616,1,12,1346,0,5,3,10,0,0,10,0,496,24,107,125,292,183,113,5,1,1346,22,1,0,2,1,2,0,0,0,0,0.05523681363144543,0.0018789859029776836,0.08164609053497943,0.10837438423645321,0.13991769547325103,0.029556650246305417,0.08164609053497943,0.029556650246305417
2016-08-01,110088,108178,1544,20,44,38,6075,203,6,87,76,480,204,173,554,0,8,1588,0,3,1,6,8,2,37,0,44,83,265,201,534,282,167,5,0,1581,38,0,9,2,3,3,1,2,0,0,0.05518312622629169,0.001876536818946551,0.007242798353909465,0.18719211822660098,0.254156378600823,0.09852216748768473,0.007242798353909465,0.09852216748768473
2016-09-01,110195,108319,248,12,81,12,6075,203,0,8,17,93,54,28,121,1,7,329,0,0,0,3,2,0,18,0,81,62,67,71,40,2,6,0,0,329,12,8,1,1,1,0,0,1,0,0,0.055129543082717,0.0018740941109131363,0.013333333333333334,0.059113300492610835,0.04082304526748971,0.059113300492610835,0.013333333333333334,0.059113300492610835
2016-10-01,110302,108461,1412,22,159,14,6075,203,5,75,45,434,238,177,580,1,16,1571,0,0,2,6,6,1,20,0,159,17,165,315,396,282,218,18,0,1570,14,3,7,12,0,0,0,0,0,0,0.05507606389730014,0.001871640497506016,0.02617283950617284,0.06896551724137931,0.23242798353909466,0.10837438423645321,0.02617283950617284,0.06896551724137931
2016-11-01,110409,108602,528,7,99,31,6075,203,1,25,16,123,90,88,274,1,9,627,0,0,0,6,5,2,24,0,99,29,49,98,201,87,56,6,1,626,31,1,1,2,3,0,0,0,0,0,0.055022688367796106,0.001869210511776947,0.016296296296296295,0.15270935960591134,0.08691358024691358,0.034482758620689655,0.016296296296296295,0.034482758620689655
2016-12-01,110517,108743,857,28,58,1,2873,137,2,33,25,195,125,130,393,0,12,915,0,3,0,6,6,0,14,0,58,63,84,185,248,151,116,6,1,912,1,16,4,5,1,0,1,1,-0.5270781893004115,-0.3251231527093596,0.025996000615289956,0.001259851208813441,0.02018795683954055,0.0072992700729927005,0.2982944657152802,0.20437956204379562,0.02018795683954055,0.0072992700729927005
2017-01-01,110624,108885,671,40,135,8,2873,137,5,33,29,200,101,199,232,2,5,806,0,2,1,4,4,0,37,0,135,41,36,155,235,103,90,10,1,806,8,1,7,9,8,3,3,9,0,0,0.025970856233728665,0.0012582082013133122,0.04698920988513749,0.058394160583941604,0.23355377654020187,0.291970802919708,0.04698920988513749,0.058394160583941604
2017-02-01,110731,108885,1238,16,101,6,2873,137,3,66,40,337,154,203,519,2,15,1339,0,0,0,2,1,0,19,0,101,30,15,261,334,330,234,33,1,1339,6,0,2,5,5,1,3,0,0,0,0.025945760446487432,0.0012582082013133122,0.03515489035851027,0.043795620437956206,0.43090845805777933,0.11678832116788321,0.03515489035851027,0.043795620437956206
2017-03-01,110838,108885,265,10,145,16,2873,137,3,12,20,81,53,81,149,0,11,410,0,0,0,0,8,1,16,0,145,19,23,65,50,49,42,15,1,409,16,1,1,5,2,1,0,0,0,0,0.02592071311283134,0.0012582082013133122,0.050469892098851374,0.11678832116788321,0.09223807866341803,0.072992700729927,0.050469892098851374,0.072992700729927
2017-04-01,110945,108885,391,29,52,6,2873,137,2,14,10,110,63,52,183,0,9,443,0,1,2,4,4,0,24,0,52,18,32,36,97,94,105,9,0,443,6,8,5,14,1,1,0,0,0,0,0.02589571409256839,0.0012582082013133122,0.01809954751131222,0.043795620437956206,0.13609467455621302,0.2116788321167883,0.01809954751131222,0.043795620437956206
2017-05-01,111052,108885,546,53,177,2,2873,137,4,34,18,177,127,67,288,1,7,723,0,4,2,12,8,3,23,0,177,22,32,77,159,109,129,18,0,723,2,1,3,27,16,1,1,4,0,0,0.025870763246046896,0.0012582082013133122,0.06160807518273582,0.014598540145985401,0.19004524886877827,0.38686131386861317,0.06160807518273582,0.014598540145985401
2017-06-01,111159,108885,435,6,195,0,2873,137,3,32,19,168,75,112,209,3,9,630,0,0,0,0,1,0,5,0,195,39,23,11,116,101,127,17,1,630,0,1,2,1,1,0,1,0,0,0,0.02584586043415288,0.0012582082013133122,0.06787330316742081,0,0.15140967629655414,0.043795620437956206,0.06787330316742081,0
2017-07-01,111266,108885,237,13,61,9,2873,137,1,8,8,72,47,35,120,1,6,298,0,0,2,0,2,0,18,0,61,18,21,15,46,48,72,17,0,298,9,0,5,5,0,1,0,2,0,0,0.025821005518307478,0.0012582082013133122,0.021232161503654718,0.06569343065693431,0.08249216846501914,0.0948905109489051,0.021232161503654718,0.06569343065693431
2017-08-01,111374,108885,213,3,97,37,2873,137,3,10,7,93,58,35,98,0,6,310,0,2,4,7,1,12,12,0,97,15,28,25,47,31,54,10,0,307,37,0,0,1,1,1,0,0,0,0,0.025795966742686804,0.0012582082013133122,0.03376261747302471,0.27007299270072993,0.07413853115210581,0.021897810218978103,0.03376261747302471,0.021897810218978103
2017-09-01,111481,108885,47,2,262,41,2873,137,1,12,7,76,51,33,125,1,3,309,0,3,0,0,2,1,37,0,262,10,15,8,7,4,2,1,0,309,41,0,0,0,0,1,0,0,0,0,0.025771207649734035,0.0012582082013133122,0.09119387399930386,0.29927007299270075,0.016359206404455272,0.014598540145985401,0.016359206404455272,0.014598540145985401
2017-10-01,111588,108885,172,13,157,19,2873,137,2,9,12,56,43,32,169,2,4,329,0,0,2,1,0,3,23,0,157,18,28,12,26,21,55,11,1,329,19,6,4,0,1,0,1,1,0,0,0.02574649603900061,0.0012582082013133122,0.05464671075530804,0.1386861313868613,0.05986773407587887,0.0948905109489051,0.05464671075530804,0.0948905109489051
2017-11-01,111695,108885,131,7,54,22,2873,137,2,5,5,37,27,18,82,1,8,185,0,2,2,8,2,1,14,0,54,16,21,25,25,12,26,5,0,184,22,2,3,0,0,0,2,0,0,0,0.025721831774027485,0.0012582082013133122,0.018795683954054995,0.16058394160583941,0.04559693699965193,0.051094890510948905,0.018795683954054995,0.051094890510948905
2017-12-01,111802,108885,223,33,11,17,2873,137,0,12,10,66,29,34,76,0,7,234,0,0,1,6,6,5,29,0,11,13,37,36,24,29,68,16,0,234,17,12,18,0,2,0,0,0,0,0,0.025697214718878016,0.0012582082013133122,0.0038287504350852765,0.12408759124087591,0.0776192133658197,0.24087591240875914,0.0038287504350852765,0.12408759124087591
2018-01-01,111909,108885,151,176,68,2,4111,94,2,5,4,41,38,18,100,1,10,219,0,9,3,48,35,11,72,0,68,2,44,19,21,10,43,12,0,219,2,0,47,93,35,0,0,0,0.43090845805777933,-0.31386861313868614,0.036735204496510555,8.632961381273821e-4,0.016540987594259305,0.02127659574468085,0.03673072245195816,1.872340425531915,0.016540987594259305,0.02127659574468085
2018-02-01,112016,109156,88,93,140,1,4111,94,0,8,14,35,49,36,75,4,7,228,0,3,0,19,25,13,32,1,140,5,16,16,30,4,10,6,0,227,1,0,27,52,14,0,0,0,0,0,0.036700114269390086,8.611528454688703e-4,0.034054974458769156,0.010638297872340425,0.02140598394551204,0.9893617021276596,0.02140598394551204,0.010638297872340425
2018-03-01,112123,109428,150,58,129,7,4111,94,0,12,11,36,34,63,109,4,10,279,1,2,1,8,15,7,30,0,129,15,11,33,51,11,24,4,0,278,7,0,10,34,12,1,0,1,0,0,0.03666509101611623,8.590123186021859e-4,0.031379226465580154,0.07446808510638298,0.03648747263439552,0.6170212765957447,0.031379226465580154,0.07446808510638298
2018-04-01,112230,109700,160,48,121,1,4111,94,2,6,21,38,49,60,100,0,5,281,0,3,0,8,8,1,27,1,121,53,5,21,47,13,16,4,0,280,1,0,1,43,2,1,0,1,0,0,0.03663013454513053,8.568824065633546e-4,0.029433227925079058,0.010638297872340425,0.038919970810021895,0.5106382978723404,0.029433227925079058,0.010638297872340425
2018-05-01,112338,109972,131,66,145,27,4111,94,1,5,19,41,27,82,94,0,7,276,0,2,1,8,22,7,52,1,145,8,6,46,37,12,15,7,0,276,27,5,2,38,18,2,1,0,0,0,0.03659491890544606,8.547630305896047e-4,0.03527122354658234,0.2872340425531915,0.03186572610070543,0.7021276595744681,0.03186572610070543,0.2872340425531915
2018-06-01,112445,110244,93,24,204,11,4111,94,3,20,18,62,37,44,104,2,7,297,0,0,0,1,6,1,27,0,204,11,27,14,5,12,12,12,0,297,11,21,0,1,1,1,0,0,0,0,0.036560096046956286,8.526541126954755e-4,0.04962296278277791,0.11702127659574468,0.022622233033325227,0.2553191489361702,0.022622233033325227,0.11702127659574468
2018-07-01,112552,110516,131,29,614,15,4111,94,0,42,19,206,110,106,256,4,2,745,0,3,0,9,6,3,21,1,614,10,35,37,18,10,8,12,0,744,15,8,0,3,15,1,2,0,0,0,0.03652533939867794,8.505555756632523e-4,0.14935538798345901,0.1595744680851064,0.03186572610070543,0.30851063829787234,0.03186572610070543,0.1595744680851064
2018-08-01,112659,110788,99,48,429,55,4111,94,5,51,19,108,86,45,199,3,12,528,6,2,7,18,10,14,43,1,429,12,8,20,9,9,23,16,0,526,55,9,3,27,8,1,0,0,0,0,0.03649064877195785,8.484673430335416e-4,0.1043541717343712,0.5851063829787234,0.024081731938701046,0.5106382978723404,0.024081731938701046,0.5106382978723404
2018-09-01,112766,111060,114,22,291,14,4111,94,3,26,15,72,67,37,178,1,6,405,0,3,0,10,8,3,11,0,291,35,8,14,14,11,16,14,0,403,14,5,2,4,8,3,0,0,0,0,0.03645602397885887,8.463893390959842e-4,0.07078569691072732,0.14893617021276595,0.027730479202140598,0.23404255319148937,0.027730479202140598,0.14893617021276595
2018-10-01,112873,111332,251,34,170,18,4111,94,2,24,24,74,60,59,168,2,8,421,0,3,1,13,8,2,24,0,170,57,60,30,42,25,27,10,0,421,18,3,9,6,14,2,0,0,0,0,0.0364214648321565,8.443214888801063e-4,0.04135246898564826,0.19148936170212766,0.061055704208221845,0.3617021276595745,0.04135246898564826,0.19148936170212766
2018-11-01,112980,111604,148,48,176,1,4111,94,1,19,23,61,58,33,121,4,4,324,0,0,0,11,11,4,20,1,176,39,38,14,19,9,16,13,0,324,1,6,11,3,22,4,0,2,0,0,0.036386971145335456,8.42263718146303e-4,0.04281196789102408,0.010638297872340425,0.03600097299927025,0.5106382978723404,0.03600097299927025,0.010638297872340425
2018-12-01,113087,111876,306,82,105,13,4111,94,4,45,14,74,63,44,158,2,7,411,5,3,4,19,15,2,44,1,105,65,133,29,20,19,19,21,0,411,13,3,25,11,32,10,1,0,0,0,0.03635254273258642,8.402159533769531e-4,0.025541230844076866,0.13829787234042554,0.07443444417416686,0.8723404255319149,0.025541230844076866,0.13829787234042554
2019-01-01,113195,112148,279,27,174,2,2680,84,2,23,14,81,84,55,185,2,7,453,0,3,0,4,5,5,12,0,174,17,67,63,35,21,34,36,0,447,2,1,5,2,16,3,0,0,-0.3480904889321333,-0.10638297872340426,0.023675957418613898,7.490102364732318e-4,0.06492537313432836,0.023809523809523808,0.1041044776119403,0.32142857142857145,0.06492537313432836,0.023809523809523808
2019-02-01,113195,112148,289,13,287,3,2680,84,1,46,13,122,73,74,235,0,12,576,0,0,0,1,1,0,12,0,287,9,25,78,59,21,50,42,0,571,3,5,0,0,6,2,0,0,0,0,0.023675957418613898,7.490102364732318e-4,0.10708955223880597,0.03571428571428571,0.10783582089552239,0.15476190476190477,0.10708955223880597,0.03571428571428571
2019-03-01,113195,112148,320,28,156,40,2680,84,2,36,12,77,73,69,198,2,7,476,1,2,1,4,2,4,48,0,156,12,79,128,44,12,19,26,0,476,40,1,1,8,13,4,1,0,0,0,0.023675957418613898,7.490102364732318e-4,0.058208955223880594,0.47619047619047616,0.11940298507462686,0.3333333333333333,0.058208955223880594,0.3333333333333333
2019-04-01,113195,112148,329,9,252,50,2680,84,0,52,17,94,104,92,214,0,8,581,0,0,1,0,6,0,51,0,252,44,24,129,80,9,26,16,0,580,50,3,1,2,1,1,0,0,0,0,0.023675957418613898,7.490102364732318e-4,0.09402985074626866,0.5952380952380952,0.12276119402985075,0.10714285714285714,0.09402985074626866,0.10714285714285714
2019-05-01,113195,112148,251,12,255,68,2680,84,4,50,16,91,80,69,187,2,7,506,0,0,0,1,3,3,73,0,255,11,47,81,48,8,24,31,0,505,68,9,0,1,1,1,0,0,0,0,0.023675957418613898,7.490102364732318e-4,0.09514925373134328,0.8095238095238095,0.09365671641791044,0.14285714285714285,0.09365671641791044,0.14285714285714285
2019-06-01,113195,112148,355,13,273,22,2680,84,0,49,16,113,96,67,272,2,13,628,0,1,0,2,2,2,27,1,273,28,67,154,26,8,40,30,0,626,22,7,3,2,0,0,1,0,0,0,0.023675957418613898,7.490102364732318e-4,0.10186567164179104,0.2619047619047619,0.13246268656716417,0.15476190476190477,0.10186567164179104,0.15476190476190477
2019-07-01,113195,112148,288,14,214,9,2680,84,0,39,17,86,101,53,194,1,11,502,0,0,0,0,6,0,17,0,214,26,39,74,52,6,37,49,2,499,9,1,9,3,0,0,0,1,0,0,0.023675957418613898,7.490102364732318e-4,0.07985074626865672,0.10714285714285714,0.10746268656716418,0.16666666666666666,0.07985074626865672,0.10714285714285714
2019-08-01,113195,112148,227,26,172,26,2680,84,0,33,12,61,75,37,174,1,6,399,0,2,0,0,4,2,43,0,172,18,23,52,53,3,39,37,1,398,26,7,10,7,0,1,0,1,0,0,0.023675957418613898,7.490102364732318e-4,0.06417910447761194,0.30952380952380953,0.08470149253731343,0.30952380952380953,0.06417910447761194,0.30952380952380953
2019-09-01,113195,112148,194,5,101,7,2680,84,0,20,11,31,67,33,123,1,9,295,0,0,1,0,1,0,9,0,101,14,44,50,39,16,6,24,1,295,7,1,1,3,0,0,0,0,0,0,0.023675957418613898,7.490102364732318e-4,0.037686567164179105,0.08333333333333333,0.07238805970149254,0.05952380952380952,0.037686567164179105,0.05952380952380952
2019-10-01,113195,112148,326,22,88,19,2680,84,2,22,11,64,66,52,191,2,4,414,0,1,0,0,10,1,27,0,88,23,57,63,78,15,33,55,0,412,19,2,5,11,4,0,0,0,0,0,0.023675957418613898,7.490102364732318e-4,0.03283582089552239,0.2261904761904762,0.12164179104477611,0.2619047619047619,0.03283582089552239,0.2261904761904762
2019-11-01,113195,112148,295,10,197,41,2680,84,3,70,19,79,113,58,145,2,3,492,0,0,0,0,0,1,50,0,197,20,80,86,66,7,17,15,0,488,41,0,4,5,0,1,0,0,0,0,0.023675957418613898,7.490102364732318e-4,0.07350746268656716,0.4880952380952381,0.11007462686567164,0.11904761904761904,0.07350746268656716,0.11904761904761904
2019-12-01,113195,112148,302,66,15,2,2680,84,2,20,9,70,52,36,117,2,9,317,0,0,0,1,8,2,56,1,15,13,49,68,74,18,34,45,0,316,2,10,20,35,0,1,0,0,0,0,0.023675957418613898,7.490102364732318e-4,0.005597014925373134,0.023809523809523808,0.1126865671641791,0.7857142857142857,0.005597014925373134,0.023809523809523808
